Workbook

Sheet GiaoDich
A1: MaGiaoDich | B1: NgayGiaoDich | C1: MaNguoiDung | D1: TenNguoiDung | E1: DichVu | F1: SoTienGoc_VND | G1: PhiDoiTac_VND | H1: SoTienThuc_VND | I1: TrangThai | J1: MaNguoiDung_Chuan
A2: TX1001 | B2: 2026-10-01 | C2: U001 | D2: =IFERROR(VLOOKUP(J2,TraCuuNguoiDung!$A$2:$B$9,2,FALSE),"Không tìm thấy") | E2: Nạp điện thoại | F2: 200000 | G2: 1000 | H2: =F2-G2 | I2: Thành công | J2: =TRIM(C2)
A3: TX1002 | B3: 2026-10-02 | C3: U002 | D3: =IFERROR(VLOOKUP(J3,TraCuuNguoiDung!$A$2:$B$9,2,FALSE),"Không tìm thấy") | E3: Thanh toán học phí | F3: 1500000 | G3: 3000 | H3: =F3-G3 | I3: Thành công | J3: =TRIM(C3)
A4: TX1003 | B4: 2026-10-03 | C4: U003 | D4: =IFERROR(VLOOKUP(J4,TraCuuNguoiDung!$A$2:$B$9,2,FALSE),"Không tìm thấy") | E4: Mua vé xe buýt | F4: 80000 | G4: 500 | H4: =F4-G4 | I4: Thành công | J4: =TRIM(C4)
A5: TX1004 | B5: 2026-10-04 | C5: U004 | D5: =IFERROR(VLOOKUP(J5,TraCuuNguoiDung!$A$2:$B$9,2,FALSE),"Không tìm thấy") | E5: Nạp điện thoại | F5: 100000 | G5: 1000 | H5: =F5-G5 | I5: Thành công | J5: =TRIM(C5)
A6: TX1005 | B6: 2026-10-05 | C6: U005 | D6: =IFERROR(VLOOKUP(J6,TraCuuNguoiDung!$A$2:$B$9,2,FALSE),"Không tìm thấy") | E6: Thanh toán căng tin | F6: 65000 | G6: 300 | H6: =F6-G6 | I6: Thành công | J6: =TRIM(C6)
A7: TX1006 | B7: 2026-10-06 | C7: U006 | D7: =IFERROR(VLOOKUP(J7,TraCuuNguoiDung!$A$2:$B$9,2,FALSE),"Không tìm thấy") | E7: Mua vé sự kiện | F7: 120000 | G7: 800 | H7: =F7-G7 | I7: Đang xử lý | J7: =TRIM(C7)
A8: TX1007 | B8: 2026-10-07 | C8: U007 | D8: =IFERROR(VLOOKUP(J8,TraCuuNguoiDung!$A$2:$B$9,2,FALSE),"Không tìm thấy") | E8: Nạp điện thoại | F8: 50000 | G8: 500 | H8: =F8-G8 | I8: Thành công | J8: =TRIM(C8)
A9: TX1008 | B9: 2026-10-08 | C9: U008 | D9: =IFERROR(VLOOKUP(J9,TraCuuNguoiDung!$A$2:$B$9,2,FALSE),"Không tìm thấy") | E9: Thanh toán học phí | F9: 900000 | G9: 2500 | H9: =F9-G9 | I9: Thành công | J9: =TRIM(C9)
A10: TX1009 | B10: 2026-10-09 | C10: U001 | D10: =IFERROR(VLOOKUP(J10,TraCuuNguoiDung!$A$2:$B$9,2,FALSE),"Không tìm thấy") | E10: Mua vé xe buýt | F10: 40000 | G10: 300 | H10: =F10-G10 | I10: Thành công | J10: =TRIM(C10)
A11: TX1010 | B11: 2026-10-10 | C11: U003 | D11: =IFERROR(VLOOKUP(J11,TraCuuNguoiDung!$A$2:$B$9,2,FALSE),"Không tìm thấy") | E11: Thanh toán căng tin | F11: 72000 | G11: 300 | H11: =F11-G11 | I11: Thành công | J11: =TRIM(C11)
A12: TX1011 | B12: 2026-10-11 | C12: U004 | D12: =IFERROR(VLOOKUP(J12,TraCuuNguoiDung!$A$2:$B$9,2,FALSE),"Không tìm thấy") | E12: Nạp điện thoại | F12: 200000 | G12: 1000 | H12: =F12-G12 | I12: Thành công | J12: =TRIM(C12)
A13: TX1012 | B13: 2026-10-12 | C13: U005 | D13: =IFERROR(VLOOKUP(J13,TraCuuNguoiDung!$A$2:$B$9,2,FALSE),"Không tìm thấy") | E13: Mua vé sự kiện | F13: 180000 | G13: 800 | H13: =F13-G13 | I13: Thất bại | J13: =TRIM(C13)

Sheet TraCuuNguoiDung
A1: MaNguoiDung | B1: TenNguoiDung | C1: TenNguoiDung_Goc
A2: U001 | B2: =TRIM(C2) | C2: Nguyễn Minh Anh
A3: U002 | B3: =TRIM(C3) | C3: Trần Gia Huy
A4: U003 | B4: =TRIM(C4) | C4: Lê Khánh Linh
A5: U004 | B5: =TRIM(C5) | C5: Phạm Quốc Bảo
A6: U005 | B6: =TRIM(C6) | C6: Võ Ngọc Hà
A7: U006 | B7: =TRIM(C7) | C7: Đặng Tuấn Kiệt
A8: U007 | B8: =TRIM(C8) | C8: Bùi Thảo My
A9: U008 | B9: =TRIM(C9) | C9: Hoàng Đức Long

Sheet PhiNganHang
A1: DichVu | B1: MaDoiTac | C1: PhiMacDinh_VND | D1: GhiChu
A2: Nạp điện thoại | B2: BANK-A | C2: 1000 | D2: Phí cố định mỗi giao dịch
A3: Thanh toán học phí | B3: BANK-A | C3: 3000 | D3: Phí cố định mỗi giao dịch
A4: Mua vé xe buýt | B4: BANK-B | C4: 500 | D4: Phí cố định mỗi giao dịch
A5: Thanh toán căng tin | B5: BANK-B | C5: 300 | D5: Phí cố định mỗi giao dịch
A6: Mua vé sự kiện | B6: BANK-C | C6: 800 | D6: Phí cố định mỗi giao dịch

Sheet HuongDan
A1: HƯỚNG DẪN SỬ DỤNG – PAYKX
A3: Phần 1 – Record và Field
A4: Record (bản ghi): một hàng dữ liệu đại diện cho một giao dịch, ví dụ TX1001.
A5: Field (trường): một cột mô tả thuộc tính của giao dịch, ví dụ MaGiaoDich, MaNguoiDung, SoTienGoc_VND.
A7: Phần 2 – Công thức chính
A8: Chuẩn hóa mã người dùng: =TRIM(C2)
A9: Tra cứu tên chính xác: =IFERROR(VLOOKUP(J2,TraCuuNguoiDung!$A$2:$B$9,2,FALSE),"Không tìm thấy")
A10: FALSE yêu cầu khớp chính xác. IFERROR giúp hiển thị thông báo thay vì lỗi #N/A.
A12: Phần 3 – Quy tắc Database
A13: Không Merge Cell trong vùng dữ liệu; mỗi cột chỉ chứa một loại thông tin; không để hàng trống giữa các bản ghi.
A14: Mã giao dịch cần duy nhất; ngày ở định dạng ngày; số tiền lưu dạng số; lọc dữ liệu bằng AutoFilter.
A16: Phần 4 – Kiểm thử lỗi #N/A: (1) kiểm tra mã có tồn tại; (2) dùng TRIM bỏ khoảng trắng; (3) kiểm tra vùng tra cứu và cột trả về; (4) kiểm tra kiểu dữ liệu, ký tự ẩn và FALSE.
